{
  "episode_rewards": [
    143.3604510948062,
    288.9987526014447,
    252.79056974500418,
    246.1702397465706,
    461.3157101199031,
    405.78838308900595,
    547.9849588572979,
    367.42983443289995,
    447.1384818404913,
    444.6102725416422,
    449.22098778933287,
    447.46693551540375,
    653.341049015522,
    622.7105900421739,
    649.4383591786027,
    834.3660398647189,
    829.7969154641032,
    945.8044234588742,
    809.6548636108637,
    561.4523492008448,
    591.038577541709,
    994.9807495549321,
    861.4080410897732,
    718.8609237745404,
    978.4079408273101,
    930.8290852308273,
    918.5929658636451,
    1029.4589047506452,
    799.5709021985531,
    909.7987598106265,
    724.2130818217993,
    718.855900272727,
    833.3084142878652,
    438.3983104377985,
    779.9466750100255,
    802.8272009044886,
    974.003705330193,
    864.6318593248725,
    1168.3141779229045,
    981.3811787217855,
    828.3888481408358,
    1024.9051141515374,
    483.2666945680976,
    706.966637045145,
    1012.8097563311458,
    1015.713628590107,
    861.3172580897808,
    1039.8352829441428,
    992.8805823996663,
    706.4466231241822,
    991.6762126237154,
    892.1589061915874,
    937.1428533568978,
    1004.151840493083
  ],
  "episode_lengths": [
    1737,
    2157,
    1737,
    1437,
    2277,
    1557,
    2157,
    1377,
    1497,
    1497,
    1437,
    1377,
    1857,
    1557,
    1557,
    2157,
    2157,
    2277,
    1977,
    1377,
    1437,
    2277,
    2037,
    1737,
    2277,
    2157,
    2097,
    2277,
    1857,
    2097,
    1557,
    1557,
    1737,
    957,
    1737,
    1857,
    2097,
    1857,
    2577,
    2097,
    1737,
    2157,
    957,
    1497,
    2097,
    2037,
    1737,
    2157,
    2097,
    1437,
    2157,
    1857,
    1857,
    2097
  ],
  "episode_distances": [
    0.7459670305252075,
    0.7210596203804016,
    0.718597948551178,
    0.7085698843002319,
    0.6937493085861206,
    0.6701064109802246,
    0.6709469556808472,
    0.6636057496070862,
    0.6521414518356323,
    0.6543886661529541,
    0.643938422203064,
    0.6398449540138245,
    0.6269544363021851,
    0.606933057308197,
    0.6034077405929565,
    0.6123514175415039,
    0.6140131950378418,
    0.5986156463623047,
    0.5956739783287048,
    0.5967493057250977,
    0.5936713218688965,
    0.5875646471977234,
    0.5931742191314697,
    0.5948874354362488,
    0.589117705821991,
    0.5890637040138245,
    0.5846464037895203,
    0.5777538418769836,
    0.5868818759918213,
    0.5877923369407654,
    0.5744177103042603,
    0.5732800364494324,
    0.563958466053009,
    0.5739560127258301,
    0.5765265822410583,
    0.5860320329666138,
    0.5724239349365234,
    0.5694987177848816,
    0.5742599368095398,
    0.5710344910621643,
    0.5686272978782654,
    0.5681374073028564,
    0.5542231798171997,
    0.5665943026542664,
    0.5605246424674988,
    0.5576672554016113,
    0.5554354786872864,
    0.5634827613830566,
    0.564871072769165,
    0.5557771325111389,
    0.5692799091339111,
    0.5608080625534058,
    0.5495441555976868,
    0.5598589181900024
  ],
  "total_steps": 100352
}